cone_id,x_m,y_m,color
42,11.879835128784,32.465248107910,blue
195,45.264686584473,11.704966545105,blue
45,4.934691905975,11.320844650269,blue
159,38.505928039551,3.077511787415,blue
112,44.998107910156,-15.357553482056,yellow
862,-6.748065948486,-1.397296667099,yellow
128,31.220676422119,0.039772003889,blue
315,38.458187103271,-26.007972717285,yellow
242,40.965152740479,14.044134140015,yellow
203,24.957828521729,20.859149932861,blue
91,38.762550354004,-19.943405151367,blue
981,-10.177035331726,1.538720011711,yellow
142,35.030319213867,-22.784095764160,blue
711,-3.218932151794,11.778293609619,yellow
64,9.733282089233,27.700069427490,blue
86,12.466811180115,37.418209075928,yellow
73,33.051895141602,-22.128459930420,blue
194,42.185974121094,9.592026710510,blue
117,43.427322387695,-10.822404861450,blue
543,24.327875137329,3.256451606750,blue
200,27.970104217529,12.239710807800,yellow
158,27.629230499268,0.201779544353,blue
107,30.807390213013,-18.991596221924,blue
90,29.825374603271,-15.497440338135,blue
124,47.010467529297,-2.167382240295,blue
43,6.365978717804,15.640024185181,yellow
683,-0.495721578598,1.419227004051,blue
238,50.371116638184,-3.291034221649,yellow
173,48.489276885986,5.411173820496,blue
74,36.570777893066,-21.677928924561,blue
323,34.039844512939,-26.820821762085,yellow
240,48.895477294922,8.318065643311,blue
24,21.407222747803,31.460119247437,blue
275,43.545108795166,-18.334339141846,yellow
123,19.696933746338,-1.957613587379,blue
44,7.981599807739,21.216995239258,yellow
17,4.648686408997,1.629395484924,blue
133,23.357925415039,28.335212707520,blue
89,26.253156661987,-14.523570060730,yellow
121,23.046102523804,-3.972006082535,blue
10,5.895005702972,-2.421890735626,yellow
40,8.557716369629,19.111429214478,yellow
713,-1.298456311226,8.819421768188,blue
88,27.594944000244,-21.868490219116,yellow
145,42.031372070312,-13.911826133728,blue
75,14.702925682068,-4.409748077393,yellow
274,41.813243865967,-21.741855621338,yellow
161,33.622337341309,4.034374713898,yellow
118,25.369018554688,-5.613589286804,blue
211,52.355335235596,7.504532814026,yellow
48,6.749828815460,32.683464050293,yellow
251,27.524072647095,9.160972595215,yellow
31,12.235582351685,20.356967926025,blue
805,10.855638504028,36.583526611328,yellow
25,11.844779968262,15.719926834106,blue
181,24.906038284302,17.671123504639,blue
225,28.463367462158,23.418334960938,yellow
263,40.621269226074,-16.842151641846,blue
584,-5.706422328949,2.110485553741,blue
136,16.233798980713,37.920467376709,yellow
127,51.356834411621,0.714192152023,yellow
190,25.539348602295,2.025024414062,blue
269,52.100151062012,4.307441711426,yellow
76,12.606994628906,0.153931707144,blue
699,-5.611924171448,6.993915557861,blue
39,8.045686721802,16.979228973389,yellow
191,35.484432220459,5.245671272278,yellow
171,34.491714477539,0.445856511593,blue
11,8.388458251953,-2.660067796707,yellow
182,28.567607879639,26.607637405396,yellow
684,-3.682299613953,-2.008721590042,yellow
46,9.186495780945,35.504219055176,yellow
208,48.008880615234,1.540101528168,blue
494,26.099216461182,30.824527740479,yellow
192,47.545242309570,10.801093101501,blue
132,24.314401626587,26.081773757935,blue
108,24.949420928955,-11.083685874939,yellow
160,30.872718811035,3.309544563293,yellow
236,46.146087646484,-12.824392318726,yellow
72,29.470966339111,-24.768465042114,yellow
29,19.163143157959,33.100543975830,blue
174,40.738380432129,5.904183387756,blue
66,3.886352300644,14.441960334778,yellow
177,47.045703887939,16.198305130005,yellow
170,48.844379425049,-6.989321708679,yellow
120,44.397438049316,-8.611103057861,blue
163,24.714450836182,23.503726959229,blue
47,6.320000648499,24.509433746338,yellow
193,28.310234069824,4.403449535370,yellow
155,47.221679687500,-10.204439163208,yellow
207,45.866226196289,-5.158289909363,blue
51,1.774514198303,10.191726684570,blue
106,26.756271362305,-18.325016021729,yellow
134,23.662731170654,34.127128601074,yellow
49,1.918308019638,1.431836724281,blue
172,37.089050292969,1.425292491913,blue
162,37.725006103516,9.340858459473,yellow
36,11.359170913696,23.184614181519,blue
178,43.141429901123,15.771314620972,yellow
34,18.722991943359,37.741470336914,yellow
882,-10.949597358704,5.079218387604,yellow
197,27.832057952881,6.490749835968,yellow
100,10.279310226440,30.486633300781,blue
972,-9.222665786743,-0.345634609461,yellow
231,28.245527267456,16.142635345459,yellow
110,19.927116394043,-7.046505928040,yellow
144,22.858932495117,-8.673665046692,yellow
722,-7.285552024841,10.300070762634,yellow
113,27.473533630371,-8.506164550781,blue
143,40.570693969727,-23.884624481201,yellow
176,23.755867004395,5.023036956787,blue
65,5.722127914429,28.283765792847,yellow
175,39.129638671875,11.718267440796,yellow
611,-6.785762786865,4.631111145020,blue
37,14.139777183533,33.740398406982,blue
152,20.760868072510,36.471420288086,yellow
111,17.092014312744,-5.512086868286,yellow
13,8.847145080566,0.954238891602,blue
26,10.415213584900,13.690371513367,blue
54,0.373508870602,13.033605575562,yellow
612,-3.081884860992,1.303070068359,blue
32,7.836253166199,12.250218391418,blue
5,2.299379587173,-1.862020850182,yellow
199,23.904085159302,8.792201995850,blue
125,16.446498870850,-0.661319017410,blue
585,-0.369744718075,-2.082580566406,yellow
62,16.759002685547,33.916362762451,blue
41,10.291433334351,25.440456390381,blue
83,12.436670303345,17.891876220703,blue
196,50.282089233398,14.155609130859,yellow
56,12.086004257202,-3.158403158188,yellow
180,24.302394866943,13.199153900146,blue
212,52.140415191650,11.158217430115,yellow
910,-10.022125244141,7.913417816162,yellow
92,29.007431030273,-11.915656089783,blue
223,28.520717620850,19.446620941162,yellow
